Date,League,HomeTeam,AwayTeam,HomePos,AwayPos,ExpHome,ExpAway,ExpTotal,Over2.5Pct,Over4.5Pct,BTTSPct,ExpHT,Over0.5HTPct,Over1.5HTPct,BTTSFHPct,TopCorrectScores,H2HMatches,H2HAvgGoals,ActualHomeGoals,ActualAwayGoals,HitOrMiss
2026-10-09 18:00 UTC,Eredivisie,PSV,Heerenveen,3th (16pts),10th (9pts),2.25,1.42,3.67,71,31,68,1.57,79,47,29,2-1:9.2%; 1-1:8.2%; 3-1:6.9%; 2-2:6.5%; 2-0:6.5%,15,3.53,,,
2026-10-09 18:45 UTC,Ligue 1,RC Lens,Olympique Lyon,,,0.76,2.13,2.89,55,17,47,0.98,62,26,12,0-2:12.6%; 0-1:11.8%; 1-2:9.6%; 1-1:9.0%; 0-3:8.9%,15,2.67,,,
2026-10-09 19:00 UTC,La Liga,Málaga,Espanyol,20th (3pts),15th (7pts),0.85,1.48,2.32,41,9,44,1.39,75,40,23,0-1:14.5%; 1-1:12.2%; 0-2:10.7%; 0-0:9.8%; 1-2:9.0%,15,2.33,,,
2026-10-10 14:30 UTC,Eredivisie,Go Ahead,Sparta,9th (10pts),12th (5pts),2.54,1.66,4.2,79,41,75,1.77,83,53,32,2-1:8.0%; 3-1:6.8%; 2-2:6.7%; 1-1:6.3%; 3-2:5.6%,15,3.0,,,
2026-10-10 14:00 UTC,Premier League,Chelsea,Bournemouth,10th (7pts),17th (3pts),1.83,1.74,3.57,69,29,69,1.95,86,58,38,1-1:9.0%; 2-1:8.2%; 1-2:7.8%; 2-2:7.1%; 1-0:5.2%,15,2.4,,,
2026-10-10 18:00 UTC,Eredivisie,Sittard,Twente,6th (13pts),4th (16pts),1.17,2.35,3.52,68,28,62,1.4,75,41,25,1-2:9.6%; 0-2:8.2%; 1-1:8.1%; 1-3:7.5%; 0-1:6.9%,15,2.93,,,
2026-10-10 14:00 UTC,Premier League,Ipswich Town,Fulham,11th (6pts),19th (2pts),1.56,1.59,3.15,61,21,63,1.61,80,48,30,1-1:10.6%; 1-2:8.5%; 2-1:8.3%; 0-1:6.8%; 1-0:6.7%,15,3.6,,,
2026-10-10 16:30 UTC,La Liga,Barça,Getafe,1th (21pts),11th (8pts),2.37,0.77,3.14,61,21,49,1.47,77,43,17,2-0:12.2%; 1-0:10.3%; 3-0:9.6%; 2-1:9.4%; 1-1:7.9%,15,2.07,,,
2026-10-10 12:00 UTC,La Liga,Rayo Vallecano,Athletic,12th (8pts),10th (8pts),1.06,1.91,2.96,57,18,56,1.39,75,40,23,1-1:10.4%; 1-2:9.9%; 0-1:9.9%; 0-2:9.4%; 1-3:6.3%,,,,,
2026-10-10 14:15 UTC,La Liga,Alavés,Atleti,6th (11pts),2th (16pts),1.22,1.4,2.62,49,13,53,0.71,51,16,9,1-1:12.4%; 0-1:10.2%; 1-0:8.9%; 1-2:8.7%; 2-1:7.6%,15,2.27,,,
2026-10-10 15:15 UTC,Ligue 1,Lille,Le Havre,,,1.52,1.01,2.52,46,11,50,0.74,52,17,7,1-1:12.2%; 1-0:12.1%; 2-1:9.3%; 2-0:9.2%; 0-1:8.1%,15,2.13,,,
2026-10-10 11:30 UTC,Premier League,Arsenal,Leeds United,2th (12pts),5th (9pts),0.91,1.14,2.05,34,6,41,0.91,60,23,10,0-1:14.6%; 1-1:13.4%; 0-0:12.8%; 1-0:11.7%; 0-2:8.4%,15,3.27,,,
2026-10-13 16:45 UTC,Champions League,Sabah FK,Slavia Praha,34th (0pts),22th (0pts),1.65,2.47,4.12,78,39,74,1.65,81,49,28,1-2:8.2%; 1-3:6.7%; 2-2:6.7%; 1-1:6.6%; 2-3:5.5%,,,,,
2026-10-13 16:45 UTC,Champions League,RC Lens,Sporting CP,9th (3pts),6th (3pts),1.01,2.13,3.14,61,21,56,1.34,74,39,17,1-2:9.9%; 0-2:9.8%; 1-1:9.3%; 0-1:9.2%; 1-3:7.0%,,,,,
